Мембранный расширительный бак Reflex NG 8/6;8230100;Reflex;Отопление и водоснабжение - Баки мембранные;Гарантийный документ: Гарантийный талон / Вес товара (нетто): 2.32 кг/ Высота товара: 35 см/ Глубина товара: 14 см/ Ширина товара: 14 см/ Вариант размещения: Вертикальное / Вид установки (крепления): Напольная / Настенная / Резьба входного патрубка: 3/4 / Макс. рабочее давление: 10 бар/ Область применения: Отопление / Применение и соответствие: Система отопления / Объем бака: 8 л/ Вес товара с упаковкой (брутто): 2.32 кг/ Высота упаковки товара: 21 см/ Глубина упаковки товара: 30 см/ Ширина упаковки товара: 21 см/ https://b2b.rusklimat.com/upload/iblock/1bc/vxibvn2el7jx5itw29sqxxdvg90u04go/reflex-NG-830x620.png;;;;<h4>Описание</h4><br><br><p>Reflex NG представляет собой напорный расширительный бак с незаменяемой мембраной, используемый в закрытых системах отопления и хладоснабжения для компенсации объема теплоносителя при изменении температуры жидкости (охлаждение или нагрев).<br /><br>Мембранный бак изготовлен из высококачественных материалов, имеет полимерное покрытие и насыщенный красный цвет.</p><br><br><br><h4>Конструкция</h4><br><br><p>Расширительный бак (цилиндрическая емкость) разделен мембраной на две части — камеры. Одна часть (воздушная камера) заполнена предварительно закачанным низкоинертным газом — азотом под давлением, другая часть (водяная камера) предназначена для воды.</p><br><br><br><h4>Принцип действия</h4><br><br><p>При нагреве избыточный объем воды поступает в бак, что приводит к сжатию находящегося по другую сторону мембраны газа. В результате как в самом баке, так и во всей системе незначительно повышается давление, не вызывая срабатывания предохранительного клапана.<br>При охлаждении вода из бака возвращается обратно в систему под давлением со стороны газа.</p><br><br><br><h4>Отличительные особенности</h4><br><br><ul><br>	<li>отопление + холодоснабжение</li><br>	<li>незаменяемая мембрана</li><br>	<li>полимерное покрытие</li><br>	<li>резьбовое подсоединение</li><br>	<li>современный дизайн</li><br></ul><br><br><br><h4>Преимущества</h4><br><br><p>Герметичность и подвижность мембраны поддерживает одинаковое давление в водяной и газовой камерах, что предохраняет систему от разгерметизации.</p><br><br><br><h4>Монтаж</h4><br><br><p>Расширительный бак подсоединяется к системе отопления через запорную арматуру, защищенную от случайного отключения бака от системы.<br>Возможна установка мембранного бака в многокотельной системе как для каждого котла в отдельности, так и для всей системы.</p><br><br><br><h4>Уход за прибором</h4><br><br><p>Ежегодно следует проводить профилактический осмотр бака с проверкой начального давления в его воздушной камере и давления воды в системе.</p><br><br><br><h4>Применение</h4><br><br><p>Мембранный расширительный бак Reflex NG широко используется в закрытых системах отопления для компенсации теплового расширения теплоносителя.</p><br><br><br><h4>Гарантия качества</h4><br><br><p>Качество мембранного бака Reflex подтверждено Сертификатом соответствия, выданным Органом по сертификации отопительного оборудования «Санрос» (добровольная сертификация).</p><br><br><br><h4>Эксплутационные ограничения</h4><br><br><p>максимально допустимое избыточное рабочее давление — 3 бар</p><br><p>максимально допустимая рабочая температура — 70°С</p>;;;;;4036705086526 / 4036705109492;3212.15 руб.;НС-0030624;Эксклюзив - Нет;
Мембранный расширительный бак Reflex NG 35/6;8270100;Reflex;Отопление и водоснабжение - Баки мембранные;Гарантийный документ: Гарантийный талон / Вес товара (нетто): 5.4 кг/ Высота товара: 45 см/ Глубина товара: 35 см/ Ширина товара: 35 см/ Вариант размещения: Вертикальное / Вид установки (крепления): Напольная / Настенная / Резьба входного патрубка: 1 / Макс. рабочее давление: 10 бар/ Область применения: Отопление / Применение и соответствие: Система отопления / Объем бака: 35 л/ Вес товара с упаковкой (брутто): 5.8 кг/ Высота упаковки товара: 47 см/ Глубина упаковки товара: 37 см/ Ширина упаковки товара: 37 см/ https://b2b.rusklimat.com/upload/iblock/633/rj10sdeh7eapfv7omjxxze5kc8zvvdm9/reflex-NG-830x620.png;;;;<h4>Описание</h4><br><br><p>Reflex NG представляет собой напорный расширительный бак с незаменяемой мембраной, используемый в закрытых системах отопления и хладоснабжения для компенсации объема теплоносителя при изменении температуры жидкости (охлаждение или нагрев).<br /><br>Мембранный бак изготовлен из высококачественных материалов, имеет полимерное покрытие и насыщенный красный цвет.</p><br><br><br><h4>Конструкция</h4><br><br><p>Расширительный бак (цилиндрическая емкость) разделен мембраной на две части — камеры. Одна часть (воздушная камера) заполнена предварительно закачанным низкоинертным газом — азотом под давлением, другая часть (водяная камера) предназначена для воды.</p><br><br><br><h4>Принцип действия</h4><br><br><p>При нагреве избыточный объем воды поступает в бак, что приводит к сжатию находящегося по другую сторону мембраны газа. В результате как в самом баке, так и во всей системе незначительно повышается давление, не вызывая срабатывания предохранительного клапана.<br>При охлаждении вода из бака возвращается обратно в систему под давлением со стороны газа.</p><br><br><br><h4>Отличительные особенности</h4><br><br><ul><br>	<li>отопление + холодоснабжение</li><br>	<li>незаменяемая мембрана</li><br>	<li>полимерное покрытие</li><br>	<li>резьбовое подсоединение</li><br>	<li>современный дизайн</li><br></ul><br><br><br><h4>Преимущества</h4><br><br><p>Герметичность и подвижность мембраны поддерживает одинаковое давление в водяной и газовой камерах, что предохраняет систему от разгерметизации.</p><br><br><br><h4>Монтаж</h4><br><br><p>Расширительный бак подсоединяется к системе отопления через запорную арматуру, защищенную от случайного отключения бака от системы.<br>Возможна установка мембранного бака в многокотельной системе как для каждого котла в отдельности, так и для всей системы.</p><br><br><br><h4>Уход за прибором</h4><br><br><p>Ежегодно следует проводить профилактический осмотр бака с проверкой начального давления в его воздушной камере и давления воды в системе.</p><br><br><br><h4>Применение</h4><br><br><p>Мембранный расширительный бак Reflex NG широко используется в закрытых системах отопления для компенсации теплового расширения теплоносителя.</p><br><br><br><h4>Гарантия качества</h4><br><br><p>Качество мембранного бака Reflex подтверждено Сертификатом соответствия, выданным Органом по сертификации отопительного оборудования «Санрос» (добровольная сертификация).</p><br><br><br><h4>Эксплутационные ограничения</h4><br><br><p>максимально допустимое избыточное рабочее давление — 3 бар</p><br><p>максимально допустимая рабочая температура — 70°С</p>;;;;;4036705087271 / 4036705109447;6558.52 руб.;НС-0030622;Эксклюзив - Нет;
Расширительный бак ДЖИЛЕКС 10л;7810;Джилекс;Отопление и водоснабжение - Баки мембранные;Гарантийный документ: Гарантийный талон / Вес товара (нетто): 3.5 кг/ Высота товара: 27 см/ Глубина товара: 21.5 см/ Ширина товара: 21.5 см/ Вариант размещения: Вертикальное / Резьба входного патрубка: 3/4 / Макс. рабочее давление: 5 бар/ Присоединительный размер: 3/4 / Область применения: Отопление / Применение и соответствие: Система отопления / Объем бака: 10 л/ Вес товара с упаковкой (брутто): 4 кг/ Высота упаковки товара: 33.6 см/ Глубина упаковки товара: 22.5 см/ Ширина упаковки товара: 34.5 см/ https://b2b.rusklimat.com/upload/iblock/691/a650grf415dsxezsez6xrw9j67h0qds2/7810_ДЖ_РБ10_830х620.png;;;;<p>Предназначен для компенсации температурных расширений теплоносителя и поддержания давления в замкнутых системах отопления. Корпус из высококачественной стали. Краска с защитой от ультрафиолетовых лучей. Металлический фланец. Воздушный клапан для контроля давления воздуха. Вертикальная компоновка.</p>;;https://b2b.rusklimat.com/upload/iblock/d56/69y22dnrthpyl2hq2ucjxulbnxjsjwvu/Информационное письмо на Гидроаккумуляторы, Расширительные баки, водозаборные фильтры и корпусы для ККФ.pdf;, https://b2b.rusklimat.com/upload/iblock/3d4/nqw7tzyb11cvgmybqunpjv0451roap0z/Прейскурант ТМ ДЖИЛЕКС 01.03 2021г B2B.pdf;https://b2b.rusklimat.com/upload/iblock/cbd/ey0yohi3jjlreqfnr9pbw9v19abfxxr8/Инструкция по эксплуатации Расширительные баки.pdf;4650069790631 / 4650001855985;1650.00 руб.;НС-0087061;Эксклюзив - Да;
Бак расширительный ДЖИЛЕКС 150л;7715;Джилекс;Отопление и водоснабжение - Баки мембранные;Гарантийный документ: Гарантийный талон / Вес товара (нетто): 20 кг/ Высота товара: 99.8 см/ Глубина товара: 50 см/ Ширина товара: 50 см/ Вариант размещения: Вертикальное / Резьба входного патрубка: 1 / Макс. рабочее давление: 6 бар/ Присоединительный размер: 1 / Область применения: Отопление / Применение и соответствие: Система отопления / Объем бака: 150 л/ Вес товара с упаковкой (брутто): 20.9 кг/ Высота упаковки товара: 101 см/ Глубина упаковки товара: 51 см/ Ширина упаковки товара: 51 см/ https://b2b.rusklimat.com/upload/iblock/6d1/py0tpk9eo6q5nai2u3z3gp4uveqv1ue5/7790_ДЖ_РБ100_830х620.png;;;;<p>Расширительный бак предназначен для компенсации температурного расширения теплоносителя и поддержания давления в закрытых системах отопления.</p><br><br><h4>Особенности:</h4><br><br><ul><br><li>Выдерживает температуру от -10С до +120С</li><br><li>Корпус изготовлен из высококачественной стали-1мм, покрытой порошковой краской-120мкр, устойчивой к истиранию и ультрафиолетовому излучению </li><br><li>Эластичная мембрана изготовлена из EPDM (этилен-пропилен-диен-мономер)</li><br><li>Мембраны имеют ступенчатую расширяющуюся форму </li><br><li>Бак исключает контакт теплоносителя с воздухом</li><br><li>Снабжён воздушным клапаном (ниппелем) с пластиковым колпачком, для контроля и изменения давления</li><br><li>Дополнительные пластиковые ножки , защитят бак от коррозии и поверхность пола от царапин.</li><br></ul>;;https://b2b.rusklimat.com/upload/iblock/080/r8ewat4t55ot06d00m6y873nien36woy/Информационное письмо на Гидроаккумуляторы, Расширительные баки, водозаборные фильтры и корпусы для ККФ.pdf;, https://b2b.rusklimat.com/upload/iblock/8c4/fao410cxrbzsnst2vty8y2dhehr9addh/Прейскурант ТМ ДЖИЛЕКС 01.03 2021г B2B.pdf;https://b2b.rusklimat.com/upload/iblock/462/di1jihoia50gqbv1dpn06y31ndek9gkj/Инструкция по эксплуатации Расширительные баки.pdf;4650069791027 / 4650069791317;13710.00 руб.;НС-1132760;Эксклюзив - Да;
Расширительный бак ДЖИЛЕКС 200л;7792;Джилекс;Отопление и водоснабжение - Баки мембранные;Гарантийный документ: Гарантийный талон / Вес товара (нетто): 42 кг/ Высота товара: 99.8 см/ Глубина товара: 60 см/ Ширина товара: 60 см/ Вариант размещения: Вертикальное / Резьба входного патрубка: 1  1/4 / Макс. рабочее давление: 6 бар/ Присоединительный размер: 1  1/4 / Область применения: Отопление / Применение и соответствие: Система отопления / Объем бака: 200 л/ Вес товара с упаковкой (брутто): 43 кг/ Высота упаковки товара: 111 см/ Глубина упаковки товара: 61 см/ Ширина упаковки товара: 61 см/ https://b2b.rusklimat.com/upload/iblock/6da/gmqhdqqtfsuq97fwv4qwfk2is54hz2af/7792_ДЖ_РБ200_830х620.png;;;;<p>Расширительный бак предназначен для компенсации температурного расширения теплоносителя и поддержания давления в закрытых системах отопления.</p><br><br><h4>Особенности:</h4><br><br><ul><br><li>Выдерживает температуру от -10С до +120С</li><br><li>Корпус изготовлен из высококачественной стали-1мм, покрытой порошковой краской-120мкр, устойчивой к истиранию и ультрафиолетовому излучению </li><br><li>Эластичная мембрана изготовлена из EPDM (этилен-пропилен-диен-мономер)</li><br><li>Мембраны имеют ступенчатую расширяющуюся форму </li><br><li>Бак исключает контакт теплоносителя с воздухом</li><br><li>Снабжён воздушным клапаном (ниппелем) с пластиковым колпачком, для контроля и изменения давления</li><br><li>Дополнительные пластиковые ножки , защитят бак от коррозии и поверхность пола от царапин.</li><br></ul>;;https://b2b.rusklimat.com/upload/iblock/659/hy2a2tm0jjh0d859l5d5dzmy9ypwykkl/Информационное письмо на Гидроаккумуляторы, Расширительные баки, водозаборные фильтры и корпусы для ККФ.pdf;, https://b2b.rusklimat.com/upload/iblock/961/rfwcmkfdrhb0pzo9knu6t1iuc0azkwlr/Прейскурант ТМ ДЖИЛЕКС 01.03 2021г B2B.pdf;https://b2b.rusklimat.com/upload/iblock/fd6/h17nom5xd62fvkteunhg69q95t3dyrnt/Инструкция по эксплуатации Расширительные баки.pdf;4650069790693 / 4650001855855;21540.00 руб.;НС-1029193;Эксклюзив - Да;
Расширительный бак ДЖИЛЕКС 8 F (8 литров, плоский);7708;Джилекс;Отопление и водоснабжение - Баки мембранные;Гарантийный документ: Гарантийный талон / Вес товара (нетто): 3.7 кг/ Высота товара: 14 см/ Глубина товара: 13.5 см/ Ширина товара: 32.5 см/ Вариант размещения: Вертикальное / Резьба входного патрубка: 3/4 / Макс. рабочее давление: 3 бар/ Присоединительный размер: 3/4 / Область применения: Отопление / Применение и соответствие: Система отопления / Объем бака: 8 л/ Вес товара с упаковкой (брутто): 4 кг/ Высота упаковки товара: 32.5 см/ Глубина упаковки товара: 33 см/ Ширина упаковки товара: 35 см/ https://b2b.rusklimat.com/upload/iblock/91c/hcnxhroemcjezxgtxjf3qmpdv9lr171n/7708_ДЖ_РБ_8F_830х620.png;;;;<p>Предназначен для компенсации температурных расширений теплоносителя и поддержания давления в замкнутых системах отопления. Корпус из высококачественной стали. Краска с защитой от ультрафиолетовых лучей. Воздушный клапан для контроля давления воздуха. Бак плоского типа (расширительный бак плоской формы).</p>;;https://b2b.rusklimat.com/upload/iblock/bf5/qbfvmw6t4mbuqi0qm7nkfqc7vgvsncao/Информационное письмо на Гидроаккумуляторы, Расширительные баки, водозаборные фильтры и корпусы для ККФ.pdf;, https://b2b.rusklimat.com/upload/iblock/2e5/5pcb0b4i0t187zc66wcbyduu69iserao/Прейскурант ТМ ДЖИЛЕКС 01.03 2021г B2B.pdf;https://b2b.rusklimat.com/upload/iblock/da0/rsi5d92qxb4l7ms2u1p1khlujp0rqboj/Инструкция по эксплуатации Расширительные баки.pdf;4650001851031;3150.00 руб.;НС-0086843;Эксклюзив - Да;
Расширительный бак ДЖИЛЕКС 6л;7806;Джилекс;Отопление и водоснабжение - Баки мембранные;Гарантийный документ: Гарантийный талон / Вес товара (нетто): 3.4 кг/ Высота товара: 20 см/ Глубина товара: 18 см/ Ширина товара: 18 см/ Вариант размещения: Вертикальное / Резьба входного патрубка: 3/4 / Макс. рабочее давление: 5 бар/ Присоединительный размер: 3/4 / Область применения: Отопление / Применение и соответствие: Система отопления / Объем бака: 6 л/ Вес товара с упаковкой (брутто): 4 кг/ Высота упаковки товара: 29.2 см/ Глубина упаковки товара: 19 см/ Ширина упаковки товара: 30 см/ https://b2b.rusklimat.com/upload/iblock/7eb/4y3thy46s0zxuki0a4bp57gifn7dknii/7806_ДЖ_РБ6_830х620.png;;;;<p>Предназначен для компенсации температурных расширений теплоносителя и поддержания давления в замкнутых системах отопления. Корпус из высококачественной стали. Краска с защитой от ультрафиолетовых лучей. Металлический фланец. Воздушный клапан для контроля давления воздуха. Вертикальная компоновка.</p>;;https://b2b.rusklimat.com/upload/iblock/2cc/fta2aafrydhiphtpippm1241mcfgd5iz/Информационное письмо на Гидроаккумуляторы, Расширительные баки, водозаборные фильтры и корпусы для ККФ.pdf;, https://b2b.rusklimat.com/upload/iblock/df8/hlg04hvs1aomngq782lxk65oe3t6o6sh/Прейскурант ТМ ДЖИЛЕКС 01.03 2021г B2B.pdf;https://b2b.rusklimat.com/upload/iblock/a71/gh0zf89lk1wz7l2rti76umtae1ttzd36/Инструкция по эксплуатации Расширительные баки.pdf;4650069790655 / 4650001856005;1480.00 руб.;НС-0086842;Эксклюзив - Да;
Бак расширительный ДЖИЛЕКС 14 П;7815;Джилекс;Отопление и водоснабжение - Баки мембранные;Гарантийный документ: Гарантийный талон / Вес товара (нетто): 2.3 кг/ Высота товара: 25 см/ Глубина товара: 24 см/ Ширина товара: 24 см/ Вариант размещения: Вертикальное / Резьба входного патрубка: 3/4 / Макс. рабочее давление: 5 бар/ Присоединительный размер: 3/4 / Область применения: Отопление / Применение и соответствие: Система отопления / Объем бака: 14 л/ Вес товара с упаковкой (брутто): 2.5 кг/ Высота упаковки товара: 37.2 см/ Глубина упаковки товара: 25 см/ Ширина упаковки товара: 38 см/ https://b2b.rusklimat.com/upload/iblock/728/qkkmwfk8m6wywzgzbcoq5jlng98hot1e/7814_ДЖ_РБ14_830х620.png;;;;<p>Расширительный бак предназначен для компенсации температурного расширения теплоносителя и поддержания давления в закрытых системах отопления.</p><br><br><h4>Особенности:</h4><br><br><ul><br><li>Выдерживает температуру от -10С до +120С</li><br><li>Корпус изготовлен из высококачественной стали-1мм, покрытой порошковой краской-120мкр, устойчивой к истиранию и ультрафиолетовому излучению </li><br><li>Эластичная мембрана изготовлена из EPDM (этилен-пропилен-диен-мономер)</li><br><li>Мембраны имеют ступенчатую расширяющуюся форму </li><br><li>Бак исключает контакт теплоносителя с воздухом</li><br><li>Снабжён воздушным клапаном (ниппелем) с пластиковым колпачком, для контроля и изменения давления</li><br><li>Дополнительные пластиковые ножки , защитят бак от коррозии и поверхность пола от царапин.</li><br></ul>;;https://b2b.rusklimat.com/upload/iblock/f98/n2ydhtzmgub06wtkkdo70bw05jfj7vet/Информационное письмо на Гидроаккумуляторы, Расширительные баки, водозаборные фильтры и корпусы для ККФ.pdf;, https://b2b.rusklimat.com/upload/iblock/04d/yf610zd6kokcjh6eqd2xtlatfiby00av/Прейскурант ТМ ДЖИЛЕКС 01.03 2021г B2B.pdf;https://b2b.rusklimat.com/upload/iblock/434/k84r2a3cpvq2jaxlntni99zfkdynujmt/Инструкция по эксплуатации Расширительные баки.pdf;4650069790600 / 4650069790464;1840.00 руб.;НС-1102106;Эксклюзив - Да;
Расширительный бак ДЖИЛЕКС 35л;7735;Джилекс;Отопление и водоснабжение - Баки мембранные;Гарантийный документ: Гарантийный талон / Вес товара (нетто): 6 кг/ Высота товара: 70 см/ Глубина товара: 35 см/ Ширина товара: 35 см/ Вариант размещения: Вертикальное / Резьба входного патрубка: 1 / Макс. рабочее давление: 6 бар/ Присоединительный размер: 1 / Область применения: Отопление / Применение и соответствие: Система отопления / Объем бака: 35 л/ Вес товара с упаковкой (брутто): 6.7 кг/ Высота упаковки товара: 73 см/ Глубина упаковки товара: 36 см/ Ширина упаковки товара: 44 см/ https://b2b.rusklimat.com/upload/iblock/d9d/ujmiwh59q5qkfruo3qfc48m1qxwdo6ob/7835_ДЖ_РБ35_830х620.png;;;;<p>Расширительный бак предназначен для компенсации температурного расширения теплоносителя и поддержания давления в закрытых системах отопления.</p><br><br><h4>Особенности:</h4><br><br><ul><br><li>Выдерживает температуру от -10С до +120С</li><br><li>Корпус изготовлен из высококачественной стали-1мм, покрытой порошковой краской-120мкр, устойчивой к истиранию и ультрафиолетовому излучению </li><br><li>Эластичная мембрана изготовлена из EPDM (этилен-пропилен-диен-мономер)</li><br><li>Мембраны имеют ступенчатую расширяющуюся форму </li><br><li>Бак исключает контакт теплоносителя с воздухом</li><br><li>Снабжён воздушным клапаном (ниппелем) с пластиковым колпачком, для контроля и изменения давления</li><br><li>Дополнительные пластиковые ножки , защитят бак от коррозии и поверхность пола от царапин.</li><br></ul>;;https://b2b.rusklimat.com/upload/iblock/7f0/11arwjjg05fz1vzkbx1u1jnhjbi1vw86/Информационное письмо на Гидроаккумуляторы, Расширительные баки, водозаборные фильтры и корпусы для ККФ.pdf;, https://b2b.rusklimat.com/upload/iblock/983/fl4d8x6xhhkufovxgecpw8q0el6hwb3e/Прейскурант ТМ ДЖИЛЕКС 01.03 2021г B2B.pdf;https://b2b.rusklimat.com/upload/iblock/8c0/nlz85890r3sqs12zeq0p9jeoumvyt2uc/Инструкция по эксплуатации Расширительные баки.pdf;4650069790914 / 4650069791324;3510.00 руб.;НС-1122544;Эксклюзив - Да;
Расширительный бак ДЖИЛЕКС 12 F (12 литров, плоский);7712;Джилекс;Отопление и водоснабжение - Баки мембранные;Гарантийный документ: Гарантийный талон / Вес товара (нетто): 3.8 кг/ Высота товара: 32 см/ Глубина товара: 17.5 см/ Ширина товара: 32.5 см/ Вариант размещения: Вертикальное / Резьба входного патрубка: 3/4 / Макс. рабочее давление: 3 бар/ Присоединительный размер: 3/4 / Область применения: Отопление / Применение и соответствие: Система отопления / Объем бака: 12 л/ Вес товара с упаковкой (брутто): 4 кг/ Высота упаковки товара: 32.5 см/ Глубина упаковки товара: 33 см/ Ширина упаковки товара: 35 см/ https://b2b.rusklimat.com/upload/iblock/e9c/igskawsaqjyr5iprp7v19go17pg71hc7/7712_ДЖ_РБ_12F_830х620.png;;;;<p>Предназначен для компенсации температурных расширений теплоносителя и поддержания давления в замкнутых системах отопления. Корпус из высококачественной стали. Краска с защитой от ультрафиолетовых лучей. Воздушный клапан для контроля давления воздуха. Бак плоского типа (расширительный бак плоской формы).</p>;;https://b2b.rusklimat.com/upload/iblock/b9a/amrvuk68ja293osn76smd35i82arhqnk/Информационное письмо на Гидроаккумуляторы, Расширительные баки, водозаборные фильтры и корпусы для ККФ.pdf;, https://b2b.rusklimat.com/upload/iblock/73f/clan73yswkojzmtu32skep20njl02q0u/Прейскурант ТМ ДЖИЛЕКС 01.03 2021г B2B.pdf;https://b2b.rusklimat.com/upload/iblock/b9a/xom3wbk7scc19twshiwkw45ze80jhd8j/Инструкция по эксплуатации Расширительные баки.pdf;4650001851055;3690.00 руб.;НС-0086844;Эксклюзив - Да;
Расширительный бак ДЖИЛЕКС 100л;7790;Джилекс;Отопление и водоснабжение - Баки мембранные;Гарантийный документ: Гарантийный талон / Вес товара (нетто): 26.5 кг/ Высота товара: 86 см/ Глубина товара: 44 см/ Ширина товара: 44 см/ Вариант размещения: Вертикальное / Резьба входного патрубка: 1 / Макс. рабочее давление: 6 бар/ Присоединительный размер: 1 / Область применения: Отопление / Применение и соответствие: Система отопления / Объем бака: 100 л/ Вес товара с упаковкой (брутто): 27 кг/ Высота упаковки товара: 86.2 см/ Глубина упаковки товара: 45 см/ Ширина упаковки товара: 45 см/ https://b2b.rusklimat.com/upload/iblock/725/76ndx7b7vz8l8dcumkwgt94d70r82t2k/7790_ДЖ_РБ100_830х620.png;;;;<p>Расширительный бак предназначен для компенсации температурного расширения теплоносителя и поддержания давления в закрытых системах отопления.</p><br><br><h4>Особенности:</h4><br><br><ul><br><li>Выдерживает температуру от -10С до +120С</li><br><li>Корпус изготовлен из высококачественной стали-1мм, покрытой порошковой краской-120мкр, устойчивой к истиранию и ультрафиолетовому излучению </li><br><li>Эластичная мембрана изготовлена из EPDM (этилен-пропилен-диен-мономер)</li><br><li>Мембраны имеют ступенчатую расширяющуюся форму </li><br><li>Бак исключает контакт теплоносителя с воздухом</li><br><li>Снабжён воздушным клапаном (ниппелем) с пластиковым колпачком, для контроля и изменения давления</li><br><li>Дополнительные пластиковые ножки , защитят бак от коррозии и поверхность пола от царапин.</li><br></ul>;;https://b2b.rusklimat.com/upload/iblock/87a/i8y0e64zb3x73thy03ez822kb1b0flpc/Информационное письмо на Гидроаккумуляторы, Расширительные баки, водозаборные фильтры и корпусы для ККФ.pdf;, https://b2b.rusklimat.com/upload/iblock/029/ls2ypa5r1fe9650svsz67my0e10fgpka/Прейскурант ТМ ДЖИЛЕКС 01.03 2021г B2B.pdf;https://b2b.rusklimat.com/upload/iblock/132/7ccq90t308cepgzf1yfwb8j80usisblp/Инструкция по эксплуатации Расширительные баки.pdf;4650069790709 / 4650001855879;9420.00 руб.;НС-1029192;Эксклюзив - Да;
Бак расширительный ДЖИЛЕКС 80л;7780;Джилекс;Отопление и водоснабжение - Баки мембранные;Гарантийный документ: Гарантийный талон / Вес товара (нетто): 11.5 кг/ Высота товара: 75.6 см/ Глубина товара: 44 см/ Ширина товара: 45 см/ Вариант размещения: Вертикальное / Резьба входного патрубка: 1 / Макс. рабочее давление: 6 бар/ Присоединительный размер: 1 / Область применения: Отопление / Применение и соответствие: Система отопления / Объем бака: 80 л/ Вес товара с упаковкой (брутто): 12 кг/ Высота упаковки товара: 78 см/ Глубина упаковки товара: 45 см/ Ширина упаковки товара: 46 см/ https://b2b.rusklimat.com/upload/iblock/b63/0iusr7mad14ppe4pjrotygk1o7l2nj8r/7790_ДЖ_РБ100_830х620.png;;;;<p>Расширительный бак предназначен для компенсации температурного расширения теплоносителя и поддержания давления в закрытых системах отопления.</p><br><br><h4>Особенности:</h4><br><br><ul><br><li>Выдерживает температуру от -10С до +120С</li><br><li>Корпус изготовлен из высококачественной стали-1мм, покрытой порошковой краской-120мкр, устойчивой к истиранию и ультрафиолетовому излучению </li><br><li>Эластичная мембрана изготовлена из EPDM (этилен-пропилен-диен-мономер)</li><br><li>Мембраны имеют ступенчатую расширяющуюся форму </li><br><li>Бак исключает контакт теплоносителя с воздухом</li><br><li>Снабжён воздушным клапаном (ниппелем) с пластиковым колпачком, для контроля и изменения давления</li><br><li>Дополнительные пластиковые ножки , защитят бак от коррозии и поверхность пола от царапин.</li><br></ul>;;https://b2b.rusklimat.com/upload/iblock/c68/tauu0gi77gov7v32s7id7zs6wv16r9u2/Информационное письмо на Гидроаккумуляторы, Расширительные баки, водозаборные фильтры и корпусы для ККФ.pdf;, https://b2b.rusklimat.com/upload/iblock/953/fn2qyranim2d25wogfu3oy712q9wpdy2/Прейскурант ТМ ДЖИЛЕКС 01.03 2021г B2B.pdf;https://b2b.rusklimat.com/upload/iblock/824/c3gkrovqy30jh0gspl6r671qu9c9734t/Инструкция по эксплуатации Расширительные баки.pdf;4650069790938 / 4650069791331;7300.00 руб.;НС-1123400;Эксклюзив - Да;
Бак расширительный ДЖИЛЕКС 6П;7807;Джилекс;Отопление и водоснабжение - Баки мембранные;Гарантийный документ: Гарантийный талон / Вес товара (нетто): 1.1 кг/ Высота товара: 17 см/ Глубина товара: 18 см/ Ширина товара: 32.5 см/ Вариант размещения: Вертикальное / Резьба входного патрубка: 3/4 / Макс. рабочее давление: 5 бар/ Присоединительный размер: 3/4 / Область применения: Отопление / Применение и соответствие: Система отопления / Объем бака: 6 л/ Вес товара с упаковкой (брутто): 1.5 кг/ Высота упаковки товара: 29.2 см/ Глубина упаковки товара: 19 см/ Ширина упаковки товара: 30.5 см/ https://b2b.rusklimat.com/upload/iblock/0ce/wh1jwpahmdoroiyp9a7kzno0iyy48nx5/7806_ДЖ_РБ6_830х620.png;;;;<p>Предназначен для компенсации температурных расширений теплоносителя и поддержания давления в замкнутых системах отопления. Корпус из высококачественной стали. Краска с защитой от ультрафиолетовых лучей. Металлический фланец. Воздушный клапан для контроля давления воздуха. Вертикальная компоновка.</p>;;https://b2b.rusklimat.com/upload/iblock/4a6/7bvp47z9bnas0r31t81k3h3i9nuthse4/Информационное письмо на Гидроаккумуляторы, Расширительные баки, водозаборные фильтры и корпусы для ККФ.pdf;, https://b2b.rusklimat.com/upload/iblock/d41/4jhidi32rg3624f10rps258t6vq2vjnq/Прейскурант ТМ ДЖИЛЕКС 01.03 2021г B2B.pdf;https://b2b.rusklimat.com/upload/iblock/dbf/uqqt0zqaydvbv01c1a18svd356jh1zvw/Инструкция по эксплуатации Расширительные баки.pdf;4650069790440 / 4650069790648;1320.00 руб.;НС-1103685;Эксклюзив - Да;
Расширительный бак ДЖИЛЕКС 18л;7818;Джилекс;Отопление и водоснабжение - Баки мембранные;Гарантийный документ: Гарантийный талон / Вес товара (нетто): 4 кг/ Высота товара: 27 см/ Глубина товара: 26 см/ Ширина товара: 26 см/ Вариант размещения: Вертикальное / Резьба входного патрубка: 3/4 / Макс. рабочее давление: 5 бар/ Присоединительный размер: 3/4 / Область применения: Отопление / Применение и соответствие: Система отопления / Объем бака: 18 л/ Вес товара с упаковкой (брутто): 4.7 кг/ Высота упаковки товара: 40.2 см/ Глубина упаковки товара: 27 см/ Ширина упаковки товара: 42 см/ https://b2b.rusklimat.com/upload/iblock/a3f/13wqv7gws736jw15imjhoby8e7h99xf7/7818_ДЖ_РБ18_830х620.png;;;;<p>Предназначен для компенсации температурных расширений теплоносителя и поддержания давления в замкнутых системах отопления. Корпус из высококачественной стали. Краска с защитой от ультрафиолетовых лучей. Металлический фланец. Воздушный клапан для контроля давления воздуха. Вертикальная компоновка.</p>;;https://b2b.rusklimat.com/upload/iblock/2b2/i6md8ont0dizyjjmoq75sn7qfb52hp6c/Информационное письмо на Гидроаккумуляторы, Расширительные баки, водозаборные фильтры и корпусы для ККФ.pdf;, https://b2b.rusklimat.com/upload/iblock/6c7/lr7ugx1yksfq045d20umdemzto4u47vp/Прейскурант ТМ ДЖИЛЕКС 01.03 2021г B2B.pdf;https://b2b.rusklimat.com/upload/iblock/b1b/p7iafeplvscpuzjiiwtp66rl97iibb67/Инструкция по эксплуатации Расширительные баки.pdf;4650069790594 / 4650001855947;2130.00 руб.;НС-1029191;Эксклюзив - Да;
Расширительный бак ДЖИЛЕКС 24л;7724;Джилекс;Отопление и водоснабжение - Баки мембранные;Гарантийный документ: Гарантийный талон / Вес товара (нетто): 7.5 кг/ Высота товара: 28 см/ Глубина товара: 27 см/ Ширина товара: 27 см/ Вариант размещения: Вертикальное / Резьба входного патрубка: 1 / Макс. рабочее давление: 6 бар/ Присоединительный размер: 1 / Область применения: Отопление / Применение и соответствие: Система отопления / Объем бака: 24 л/ Вес товара с упаковкой (брутто): 8 кг/ Высота упаковки товара: 44.4 см/ Глубина упаковки товара: 28 см/ Ширина упаковки товара: 46 см/ https://b2b.rusklimat.com/upload/iblock/fce/ryiygjacfx95n4bkuzf43ffbojuvc0qj/7724_ДЖ_РБ24_830х620.png;;;;<p>Расширительный бак предназначен для компенсации температурного расширения теплоносителя и поддержания давления в закрытых системах отопления.</p><br><br><h4>Особенности:</h4><br><br><ul><br><li>Выдерживает температуру от -10С до +120С</li><br><li>Корпус изготовлен из высококачественной стали-1мм, покрытой порошковой краской-120мкр, устойчивой к истиранию и ультрафиолетовому излучению </li><br><li>Эластичная мембрана изготовлена из EPDM (этилен-пропилен-диен-мономер)</li><br><li>Мембраны имеют ступенчатую расширяющуюся форму </li><br><li>Бак исключает контакт теплоносителя с воздухом</li><br><li>Снабжён воздушным клапаном (ниппелем) с пластиковым колпачком, для контроля и изменения давления</li><br><li>Дополнительные пластиковые ножки , защитят бак от коррозии и поверхность пола от царапин.</li><br></ul>;;https://b2b.rusklimat.com/upload/iblock/5ef/kbqno9vx9cao92bau3vzuucvbqnuytka/Информационное письмо на Гидроаккумуляторы, Расширительные баки, водозаборные фильтры и корпусы для ККФ.pdf;, https://b2b.rusklimat.com/upload/iblock/17e/l5h3pfoeqds62eaujdmb3vz7ofk9ygr3/Прейскурант ТМ ДЖИЛЕКС 01.03 2021г B2B.pdf;https://b2b.rusklimat.com/upload/iblock/089/om5r4ho40kmuwxpuu2e38btht3htnt5l/Инструкция по эксплуатации Расширительные баки.pdf;4650069790570 / 4650001855923;2550.00 руб.;НС-1011698;Эксклюзив - Да;
Расширительный бак ДЖИЛЕКС 6 F (6 литров, плоский);7706;Джилекс;Отопление и водоснабжение - Баки мембранные;Гарантийный документ: Гарантийный талон / Вес товара (нетто): 3 кг/ Высота товара: 11 см/ Глубина товара: 10.5 см/ Ширина товара: 32.5 см/ Вариант размещения: Вертикальное / Резьба входного патрубка: 3/4 / Макс. рабочее давление: 3 бар/ Присоединительный размер: 3/4 / Область применения: Отопление / Применение и соответствие: Система отопления / Объем бака: 6 л/ Вес товара с упаковкой (брутто): 3.4 кг/ Высота упаковки товара: 32.5 см/ Глубина упаковки товара: 33 см/ Ширина упаковки товара: 35 см/ https://b2b.rusklimat.com/upload/iblock/cdd/w5tpq4167cy2d8sypsaczvsr84pu1zwt/7706_ДЖ_РБ_6F_830х620.png;;;;<p>Предназначен для компенсации температурных расширений теплоносителя и поддержания давления в замкнутых системах отопления. Корпус из высококачественной стали. Краска с защитой от ультрафиолетовых лучей. Воздушный клапан для контроля давления воздуха. Бак плоского типа (расширительный бак плоской формы).</p>;;https://b2b.rusklimat.com/upload/iblock/653/e4av1rp52p09d07kb4gryzghv2pb7792/Информационное письмо на Гидроаккумуляторы, Расширительные баки, водозаборные фильтры и корпусы для ККФ.pdf;, https://b2b.rusklimat.com/upload/iblock/78c/w2ymt4ynrs0jqx5yidp7dev5icw10kmo/Прейскурант ТМ ДЖИЛЕКС 01.03 2021г B2B.pdf;https://b2b.rusklimat.com/upload/iblock/f61/picuv622ic3abyrd4vs8vjr0pu1kzcwv/Инструкция по эксплуатации Расширительные баки.pdf;4650001851024;2480.00 руб.;НС-1030171;Эксклюзив - Да;
Расширительный бак ДЖИЛЕКС 10 F (10 литров, плоский);7710;Джилекс;Отопление и водоснабжение - Баки мембранные;Гарантийный документ: Гарантийный талон / Вес товара (нетто): 3.5 кг/ Высота товара: 17 см/ Глубина товара: 16.5 см/ Ширина товара: 32.5 см/ Вариант размещения: Вертикальное / Резьба входного патрубка: 3/4 / Макс. рабочее давление: 3 бар/ Присоединительный размер: 3/4 / Область применения: Отопление / Применение и соответствие: Система отопления / Объем бака: 10 л/ Вес товара с упаковкой (брутто): 3.8 кг/ Высота упаковки товара: 32.5 см/ Глубина упаковки товара: 33 см/ Ширина упаковки товара: 35 см/ https://b2b.rusklimat.com/upload/iblock/e58/icv9l0xr9zbb1fk3cbdz5sf1fzh9l2g8/7710_ДЖ_РБ_10F_830_620.png;;;;<p>Предназначен для компенсации температурных расширений теплоносителя и поддержания давления в замкнутых системах отопления. Корпус из высококачественной стали. Краска с защитой от ультрафиолетовых лучей. Воздушный клапан для контроля давления воздуха. Бак плоского типа (расширительный бак плоской формы).</p>;;https://b2b.rusklimat.com/upload/iblock/517/8w5ml967xmm39tqq5z2y5e6t4gvevop5/Информационное письмо на Гидроаккумуляторы, Расширительные баки, водозаборные фильтры и корпусы для ККФ.pdf;, https://b2b.rusklimat.com/upload/iblock/fce/3ziq1ef43dl25y11cgrv4545kvs3v0bs/Прейскурант ТМ ДЖИЛЕКС 01.03 2021г B2B.pdf;https://b2b.rusklimat.com/upload/iblock/d17/l6vfx4w14hmml2mapiw8aql5ex1sdwe1/Инструкция по эксплуатации Расширительные баки.pdf;4650001851048;3520.00 руб.;НС-1030170;Эксклюзив - Да;
Расширительный бак ДЖИЛЕКС 300л;7793;Джилекс;Отопление и водоснабжение - Баки мембранные;Гарантийный документ: Гарантийный талон / Вес товара (нетто): 67 кг/ Высота товара: 127.2 см/ Глубина товара: 64 см/ Ширина товара: 64 см/ Вариант размещения: Вертикальное / Резьба входного патрубка: 1  1/4 / Макс. рабочее давление: 6 бар/ Присоединительный размер: 1  1/4 / Область применения: Отопление / Применение и соответствие: Система отопления / Объем бака: 300 л/ Вес товара с упаковкой (брутто): 68 кг/ Высота упаковки товара: 128 см/ Глубина упаковки товара: 65 см/ Ширина упаковки товара: 65 см/ https://b2b.rusklimat.com/upload/iblock/5d2/xk5faz3bb0sln8x1bsbnb9flfs67iwpk/7792_ДЖ_РБ200_830х620.png;;;;<p>Расширительный бак предназначен для компенсации температурного расширения теплоносителя и поддержания давления в закрытых системах отопления.</p><br><br><h4>Особенности:</h4><br><br><ul><br><li>Выдерживает температуру от -10С до +120С</li><br><li>Корпус изготовлен из высококачественной стали-1мм, покрытой порошковой краской-120мкр, устойчивой к истиранию и ультрафиолетовому излучению </li><br><li>Эластичная мембрана изготовлена из EPDM (этилен-пропилен-диен-мономер)</li><br><li>Мембраны имеют ступенчатую расширяющуюся форму </li><br><li>Бак исключает контакт теплоносителя с воздухом</li><br><li>Снабжён воздушным клапаном (ниппелем) с пластиковым колпачком, для контроля и изменения давления</li><br><li>Дополнительные пластиковые ножки , защитят бак от коррозии и поверхность пола от царапин.</li><br></ul>;;https://b2b.rusklimat.com/upload/iblock/1d8/by3jz3xtpskpk0519r7bb9heus1smrdc/Информационное письмо на Гидроаккумуляторы, Расширительные баки, водозаборные фильтры и корпусы для ККФ.pdf;, https://b2b.rusklimat.com/upload/iblock/bba/o04vkwskove9d93wzmelu8t2gyqr3fq7/Прейскурант ТМ ДЖИЛЕКС 01.03 2021г B2B.pdf;https://b2b.rusklimat.com/upload/iblock/b1a/lb5fp3t8d45zol0yulit1jwj3gq1hhbn/Инструкция по эксплуатации Расширительные баки.pdf;4650069790686 / 4650001855848;23950.00 руб.;НС-1029194;Эксклюзив - Да;
Бак расширительный ДЖИЛЕКС 500л;7796;Джилекс;Отопление и водоснабжение - Баки мембранные;Гарантийный документ: Гарантийный талон / Вес товара (нетто): 73.4 кг/ Высота товара: 201 см/ Глубина товара: 80 см/ Ширина товара: 80 см/ Вариант размещения: Вертикальное / Резьба входного патрубка: 1  1/2 / Макс. рабочее давление: 6 бар/ Присоединительный размер: 1  1/4 / Область применения: Отопление / Применение и соответствие: Система отопления / Объем бака: 500 л/ Вес товара с упаковкой (брутто): 73.5 кг/ Высота упаковки товара: 201.1 см/ Глубина упаковки товара: 80.1 см/ Ширина упаковки товара: 80.1 см/ https://b2b.rusklimat.com/upload/iblock/02a/fzjwo5nwiiz4pv102nl21ctk5mo3w66r/7794_ДЖ_РБ500_830х620.png;;;;<p>Расширительный бак предназначен для компенсации температурного расширения теплоносителя и поддержания давления в закрытых системах отопления.</p><br><br><h4>Особенности:</h4><br><br><ul><br><li>Выдерживает температуру от -10С до +120С</li><br><li>Корпус изготовлен из высококачественной стали-1мм, покрытой порошковой краской-120мкр, устойчивой к истиранию и ультрафиолетовому излучению </li><br><li>Эластичная мембрана изготовлена из EPDM (этилен-пропилен-диен-мономер)</li><br><li>Мембраны имеют ступенчатую расширяющуюся форму </li><br><li>Бак исключает контакт теплоносителя с воздухом</li><br><li>Снабжён воздушным клапаном (ниппелем) с пластиковым колпачком, для контроля и изменения давления</li><br><li>Дополнительные пластиковые ножки , защитят бак от коррозии и поверхность пола от царапин.</li><br></ul>;;https://b2b.rusklimat.com/upload/iblock/5b4/z01ansaldaohis7t6btdww0qu7cg9r41/Информационное письмо на Гидроаккумуляторы, Расширительные баки, водозаборные фильтры и корпусы для ККФ.pdf;, https://b2b.rusklimat.com/upload/iblock/4c6/6sv6ww3r1630f36h0gtg6444hmlsls5x/Прейскурант ТМ ДЖИЛЕКС 01.03 2021г B2B.pdf;https://b2b.rusklimat.com/upload/iblock/20a/jlczuseu7ri16qlxf1r782ctsrarkt4f/Инструкция по эксплуатации Расширительные баки.pdf;4650069791348;42880.00 руб.;НС-1134680;Эксклюзив - Да;
Расширительный бак ДЖИЛЕКС 14л;7814;Джилекс;Отопление и водоснабжение - Баки мембранные;Гарантийный документ: Гарантийный талон / Вес товара (нетто): 3.5 кг/ Высота товара: 25 см/ Глубина товара: 24 см/ Ширина товара: 24 см/ Вариант размещения: Вертикальное / Резьба входного патрубка: 3/4 / Макс. рабочее давление: 5 бар/ Присоединительный размер: 3/4 / Область применения: Отопление / Применение и соответствие: Система отопления / Объем бака: 14 л/ Вес товара с упаковкой (брутто): 4 кг/ Высота упаковки товара: 37.2 см/ Глубина упаковки товара: 26 см/ Ширина упаковки товара: 40 см/ https://b2b.rusklimat.com/upload/iblock/4b3/aazc1swraoyxhncglqbxek4dh7or2awp/7814_ДЖ_РБ14_830х620.png;;;;<p>Предназначен для компенсации температурных расширений теплоносителя и поддержания давления в замкнутых системах отопления. Корпус из высококачественной стали. Краска с защитой от ультрафиолетовых лучей. Металлический фланец. Воздушный клапан для контроля давления воздуха. Вертикальная компоновка.</p>;;https://b2b.rusklimat.com/upload/iblock/91b/hqwsuvlwd55vj8vgp9dhqrg9ljez00cs/Информационное письмо на Гидроаккумуляторы, Расширительные баки, водозаборные фильтры и корпусы для ККФ.pdf;, https://b2b.rusklimat.com/upload/iblock/075/d34j6k2up2nwz2ndcq9bska5236j22hz/Прейскурант ТМ ДЖИЛЕКС 01.03 2021г B2B.pdf;https://b2b.rusklimat.com/upload/iblock/4e2/7c34y9rzt6vk43hfqud57mrq6yzkp147/Инструкция по эксплуатации Расширительные баки.pdf;4650069790617 / 4650001855961;1840.00 руб.;НС-1029253;Эксклюзив - Да;
Расширительный бак ДЖИЛЕКС 50л;7750;Джилекс;Отопление и водоснабжение - Баки мембранные;Гарантийный документ: Гарантийный талон / Вес товара (нетто): 15.5 кг/ Высота товара: 52.8 см/ Глубина товара: 35 см/ Ширина товара: 35 см/ Вариант размещения: Вертикальное / Резьба входного патрубка: 1 / Макс. рабочее давление: 6 бар/ Присоединительный размер: 1 / Область применения: Отопление / Применение и соответствие: Система отопления / Объем бака: 50 л/ Вес товара с упаковкой (брутто): 16 кг/ Высота упаковки товара: 74 см/ Глубина упаковки товара: 36 см/ Ширина упаковки товара: 36 см/ https://b2b.rusklimat.com/upload/iblock/a7e/aw8lnmw6x5c36tgh5nmvz0pav9qnc3zt/7750_ДЖ_РБ50_830х620.png;;;;<p>Расширительный бак предназначен для компенсации температурного расширения теплоносителя и поддержания давления в закрытых системах отопления.</p><br><br><h4>Особенности:</h4><br><br><ul><br><li>Выдерживает температуру от -10С до +120С</li><br><li>Корпус изготовлен из высококачественной стали-1мм, покрытой порошковой краской-120мкр, устойчивой к истиранию и ультрафиолетовому излучению </li><br><li>Эластичная мембрана изготовлена из EPDM (этилен-пропилен-диен-мономер)</li><br><li>Мембраны имеют ступенчатую расширяющуюся форму </li><br><li>Бак исключает контакт теплоносителя с воздухом</li><br><li>Снабжён воздушным клапаном (ниппелем) с пластиковым колпачком, для контроля и изменения давления</li><br><li>Дополнительные пластиковые ножки , защитят бак от коррозии и поверхность пола от царапин.</li><br></ul>;;https://b2b.rusklimat.com/upload/iblock/6f9/j1ot84q3x6lroxinlyntnq3wv63opfc9/Информационное письмо на Гидроаккумуляторы, Расширительные баки, водозаборные фильтры и корпусы для ККФ.pdf;, https://b2b.rusklimat.com/upload/iblock/974/q1gm5ddhtlo1xvghgr5by0kntgveepmh/Прейскурант ТМ ДЖИЛЕКС 01.03 2021г B2B.pdf;https://b2b.rusklimat.com/upload/iblock/ef6/o4hzllemovu0xkpe1jhdz5f4d1xgfjii/Инструкция по эксплуатации Расширительные баки.pdf;4650069790563 / 4650001855893;4980.00 руб.;НС-1021187;Эксклюзив - Да;
Расширительный бак ДЖИЛЕКС 18 П;7819;Джилекс;Отопление и водоснабжение - Баки мембранные;Гарантийный документ: Гарантийный талон / Вес товара (нетто): 4 кг/ Высота товара: 27 см/ Глубина товара: 26 см/ Ширина товара: 26 см/ Вариант размещения: Вертикальное / Резьба входного патрубка: 3/4 / Макс. рабочее давление: 5 бар/ Присоединительный размер: 3/4 / Область применения: Отопление / Применение и соответствие: Система отопления / Объем бака: 18 л/ Вес товара с упаковкой (брутто): 4.5 кг/ Высота упаковки товара: 40.2 см/ Глубина упаковки товара: 27 см/ Ширина упаковки товара: 42 см/ https://b2b.rusklimat.com/upload/iblock/2ef/k0ebexvt9bf0490yducq71ls2y18dgau/7818_ДЖ_РБ18_830х620.png;;;;<p>Расширительный бак предназначен для компенсации температурного расширения теплоносителя и поддержания давления в закрытых системах отопления.</p><br><br><h4>Особенности:</h4><br><br><ul><br><li>Выдерживает температуру от -10С до +120С</li><br><li>Корпус изготовлен из высококачественной стали-1мм, покрытой порошковой краской-120мкр, устойчивой к истиранию и ультрафиолетовому излучению </li><br><li>Эластичная мембрана изготовлена из EPDM (этилен-пропилен-диен-мономер)</li><br><li>Мембраны имеют ступенчатую расширяющуюся форму </li><br><li>Бак исключает контакт теплоносителя с воздухом</li><br><li>Снабжён воздушным клапаном (ниппелем) с пластиковым колпачком, для контроля и изменения давления</li><br><li>Дополнительные пластиковые ножки , защитят бак от коррозии и поверхность пола от царапин.</li><br></ul>;;https://b2b.rusklimat.com/upload/iblock/b7e/ch4v5nqtdebqmk5ulqo6yn8bg726ieud/Информационное письмо на Гидроаккумуляторы, Расширительные баки, водозаборные фильтры и корпусы для ККФ.pdf;, https://b2b.rusklimat.com/upload/iblock/441/6s7fkbs01u7hvh7xp03hhn4lfia7cila/Прейскурант ТМ ДЖИЛЕКС 01.03 2021г B2B.pdf;https://b2b.rusklimat.com/upload/iblock/13e/axdvbv161ohtrmcurfifiufqwsnprp12/Инструкция по эксплуатации Расширительные баки.pdf;4650069790471 / 4650069790587;2130.00 руб.;НС-1102111;Эксклюзив - Да;
